ID,Data_base_Source,Continent,Country,Name,Y,X,Eco_Name,BIOME_NAME,Realm,NNH_NAME,Coastal,Time,Operating,Count
1,Wikipedia,Africa,French Algeria,"Centre interarmées d'essais d'engins spéciaux (CIEES),",31.09951,-2.83581,North Saharan Xeric Steppe and Woodland,Deserts & Xeric Shrublands,Palearctic,Nature Could Reach Half Protected,Inner,1947–1967,Closed,1
2,Wikipedia,Africa,Algeria,Reggane,26.71895,0.27691,South Sahara desert,Deserts & Xeric Shrublands,Palearctic,Nature Could Reach Half Protected,Inner,1961–1965,Closed,1
3,Wikipedia,Africa,Zaire,Kapani Tonneo OTRAG Launch Center,-7.92587,28.52766,Central Zambezian wet miombo woodlands,Tropical & Subtropical Moist Broadleaf Forests,Afrotropic,Nature Could Recover,Inner,1975–1979,Closed,1
4,Wikipedia,Africa,Egypt,Ballistic missile test and launch facility,30.12575,30.6051389,North Saharan Xeric Steppe and Woodland,Deserts & Xeric Shrublands,Palearctic,Nature Could Reach Half Protected,Inner,1962–1973,Closed,1
5,Wikipedia,Africa,Kenya,Broglio Space Centre (San Marco),-2.993419135,40.19565722,East African mangroves,Mangroves,Afrotropic,Nature Could Recover,Coastal,1964–1988,Closed,1
6,Wikipedia,Africa,Libya,Tawiwa OTRAG Launch Center,26.99392,14.46425,East Sahara Desert,Deserts & Xeric Shrublands,Palearctic,Nature Could Reach Half Protected,Inner,1981–1987,Closed,1
7,Wikipedia,Africa,Mauritania,Nouadhibou,20.92856,-17.03153,Saharan Atlantic coastal desert,Deserts & Xeric Shrublands,Palearctic,Nature Could Reach Half Protected,Coastal,1973–1973,Closed,1
8,Wikipedia,Africa,South Africa,South African Test Centre,-34.60265,20.30248,Fynbos shrubland,"Mediterranean Forests, Woodlands & Scrub",Afrotropic,Nature Could Recover,Coastal,"1986–1993, 2000s–",Operating,1
9,Wikipedia,Asia,China,Guangde Rocket Launch Site(Base 603) ,30.93743,119.20575,Changjiang Plain evergreen forests,Temperate Broadleaf & Mixed Forests,Palearctic,Nature Imperiled,Inner,1960–1966,Closed,1
10,Wikipedia,Asia,China,Jiuquan Satellite Launch Center,40.96056,100.29833,Alashan Plateau semi-desert,Deserts & Xeric Shrublands,Palearctic,Nature Could Reach Half Protected,Inner,1970–,Operating,1
11,Wikipedia,Asia,China,Taiyuan Satellite Launch Center,38.8490861,111.6084972,Mongolian-Manchurian grassland,"Temperate Grasslands, Savannas & Shrublands",Palearctic,Nature Could Recover,Inner,1980–,Operating,1
12,Wikipedia,Asia,China,Xichang Satellite Launch Center,28.24646,102.02814,Hengduan Mountains subalpine conifer forests,Temperate Conifer Forests,Palearctic,Nature Could Recover,Inner,1984–,Operating,1
13,Wikipedia,Asia,China,Wenchang Satellite Launch Center,19.6144917,110.95113,South China-Vietnam subtropical evergreen forests,Tropical & Subtropical Moist Broadleaf Forests,Indomalayan,Nature Imperiled,Coastal,2016–,Operating,1
14,Wikipedia,Asia,China,Xiangshanxian,29.4775806,121.86917,Jian Nan subtropical evergreen forests,Tropical & Subtropical Moist Broadleaf Forests,Indomalayan,Nature Could Recover,Coastal, ,Pre-Operation,1
15,Wikipedia,Asia,China,China Dongfang Spacecraft Launch Port,36.77556639,121.1585,Huang He Plain mixed forests,Temperate Broadleaf & Mixed Forests,Palearctic,Nature Imperiled,Coastal,2019,Operating,1
16,Wikipedia,Asia,India,Vikram Sarabhai Space Centre,8.542295528,76.86282646,Malabar Coast moist forests,Tropical & Subtropical Moist Broadleaf Forests,Indomalayan,Nature Imperiled,Coastal,1962–,Operating,1
17,Wikipedia,Asia,India,Satish Dhawan Space Centre (Sriharikota),13.7374,80.2351,Godavari-Krishna mangroves,Mangroves,Indomalayan,Nature Imperiled,Coastal,1971–,Operating,1
18,Wikipedia,Asia,India,Dr.Abdul Kalam Island,20.75524885,87.08839529,Godavari-Krishna mangroves,Mangroves,Indomalayan,Nature Imperiled,Coastal, ,Operating,1
19,Wikipedia,Asia,Indonesia,LAPAN Rocket Launcher Station,-7.646643,107.689018,Western Java rain forests,Tropical & Subtropical Moist Broadleaf Forests,Indomalayan,Nature Could Recover,Coastal,1965–,Operating,1
20,Wikipedia,Asia,Iran,Semnan spaceport,35.234631,53.920941,Central Persian desert basins,Deserts & Xeric Shrublands,Palearctic,Nature Could Reach Half Protected,Inner,2008–,Operating,1
21,Wikipedia,Asia,Iraq,Al-Anbar Test Center,32.7822,44.29962,North Arabian desert,Deserts & Xeric Shrublands,Palearctic,Nature Could Reach Half Protected,Inner,1989,Closed,1
22,Wikipedia,Asia,Israel,Palmachim Air Force Base,31.88484,34.6802,Eastern Mediterranean conifer-broadleaf forests,"Mediterranean Forests, Woodlands & Scrub",Palearctic,Nature Imperiled,Coastal,1987–,Operating,1
23,Wikipedia,Asia,Japan,Akita Rocket Range,39.57148,140.05785,Nihonkai montane deciduous forests,Temperate Broadleaf & Mixed Forests,Palearctic,Nature Could Reach Half Protected,Coastal,1956–1990,Closed,1
24,Wikipedia,Asia,Japan,Uchinoura Space Center,31.25121436,131.0818254,Taiheiyo evergreen forests,Temperate Broadleaf & Mixed Forests,Palearctic,Nature Could Reach Half Protected,Coastal,1962–2000,Closed,1
25,Wikipedia,Asia,Japan,Taiki Aerospace Research Field,42.5058677,143.4565791,Hokkaido deciduous forests,Temperate Broadleaf & Mixed Forests,Palearctic,Nature Could Reach Half Protected,Coastal,2010–,Operating,1
26,Wikipedia,Asia,Japan,Tanegashima Space Center,30.39096,130.96813,Nansei Islands subtropical evergreen forests,Tropical & Subtropical Moist Broadleaf Forests,Indomalayan,Nature Could Reach Half Protected,Coastal,1967–,Operating,1
27,Wikipedia,Asia,Japan,Ryori,39.03,141.83,Taiheiyo evergreen forests,Temperate Broadleaf & Mixed Forests,Palearctic,Nature Could Reach Half Protected,Coastal,1970–2001,Closed,1
28,Wikipedia,Asia,Japan,Niijima,34.37094512,139.2692868,Taiheiyo evergreen forests,Temperate Broadleaf & Mixed Forests,Palearctic,Nature Could Reach Half Protected,Coastal,1963–1965,Closed,1
29,Wikipedia,Asia,Japan,Obachi,40.71064951,141.3600445,Taiheiyo montane deciduous forests,Temperate Broadleaf & Mixed Forests,Palearctic,Nature Could Reach Half Protected,Coastal,1961–,Operating,1
30,Wikipedia,Asia,Kazakhstan,Baikonur Cosmodrome,45.95515,63.35028,Central Asian northern desert,Deserts & Xeric Shrublands,Palearctic,Nature Could Reach Half Protected,Inner,1955–,Operating,1
31,Wikipedia,Asia,Kazakhstan,Sary Shagan,46.38,72.87,Central Asian northern desert,Deserts & Xeric Shrublands,Palearctic,Nature Could Reach Half Protected,Inner,1958–,Operating,1
32,Wikipedia,Asia,North Korea,Tonghae Satellite Launching Ground,40.84022889,129.4954864,Manchurian mixed forests,Temperate Broadleaf & Mixed Forests,Palearctic,Nature Could Recover,Coastal,1998–,Operating,1
33,Wikipedia,Asia,North Korea,Sohae Satellite Launching Station,39.66,124.705,Manchurian mixed forests,Temperate Broadleaf & Mixed Forests,Palearctic,Nature Could Recover,Coastal,2012–,Operating,1
34,Wikipedia,Asia,South Korea,Anheung Proving Ground,36.70602038,126.4871898,Central Korean deciduous forests,Temperate Broadleaf & Mixed Forests,Palearctic,Nature Imperiled,Coastal,1993–,Operating,1
35,Wikipedia,Asia,South Korea,Naro Space Center,34.44200436,127.5341536,Southern Korea evergreen forests,Temperate Broadleaf & Mixed Forests,Palearctic,Nature Imperiled,Coastal,2008–,Operating,1
36,Wikipedia,Asia,Maldives,Gan Island,-0.69005798,73.14994982,Maldives-Lakshadweep-Chagos Archipelago tropical moist forests,Tropical & Subtropical Moist Broadleaf Forests,Indomalayan,Nature Could Reach Half Protected,Coastal,1969-1976,Closed,1
37,Wikipedia,Asia,Pakistan,Sonmiani Satellite Launch Center,25.19242,66.74881,Aravalli west thorn scrub forests,Deserts & Xeric Shrublands,Indomalayan,Nature Imperiled,Coastal,1960s–,Operating,1
38,Wikipedia,Asia,Pakistan,Tilla Satellite Launch Center,33.3961,73.29608,Western Himalayan subalpine conifer forests,Temperate Conifer Forests,Indomalayan,Nature Imperiled,Inner,1980s–,Operating,1
39,Wikipedia,Asia,Russia,Kheysa,80.45,58.05,Russian Arctic desert,Tundra,Palearctic,Nature Could Reach Half Protected,Coastal,1956–2008,Closed,1
40,Wikipedia,Asia,Russia,Svobodny Cosmodrome,51.83441,128.2757,Manchurian mixed forests,Temperate Broadleaf & Mixed Forests,Palearctic,Nature Could Recover,Inner,1957–2007,Closed,1
41,Wikipedia,Asia,Russia,Sovetskaya Gavan,48.97,140.3,Okhotsk-Manchurian taiga,Boreal Forests/Taiga,Palearctic,Nature Could Reach Half Protected,Coastal,1963–1964,Closed,1
42,Wikipedia,Asia,Russia,Okhotsk,59.36667,143.25,Northeast Siberian taiga,Boreal Forests/Taiga,Palearctic,Nature Could Reach Half Protected,Coastal,1981–2014,Closed,1
43,Wikipedia,Asia,Russia,Yasny Cosmodrome,51.20706,59.85003,Kazakh forest steppe,"Temperate Grasslands, Savannas & Shrublands",Palearctic,Nature Imperiled,Inner,2006–,Operating,1
44,Wikipedia,Asia,"Taiwan,China",Gangzi Station,22.17489726,120.8925643,South Taiwan monsoon rain forests,Tropical & Subtropical Moist Broadleaf Forests,Indomalayan,Nature Could Reach Half Protected,Coastal,1988–,Operating,1
45,Wikipedia,Asia,"Taiwan,China",Nantian Launch Facility,22.26203594,120.8901522,South Taiwan monsoon rain forests,Tropical & Subtropical Moist Broadleaf Forests,Indomalayan,Nature Could Reach Half Protected,Coastal,2016–,Operating,1
46,Wikipedia,Asia,Indonesia,Biak Spaceport,-1,136,Biak-Numfoor rain forests,Tropical & Subtropical Moist Broadleaf Forests,Australasia,Nature Could Reach Half Protected,Coastal, ,Pre-Operation,1
47,Wikipedia,Europe,Bulgaria,Akhtopol,42.085846,27.955125,Balkan mixed forests,Temperate Broadleaf & Mixed Forests,Palearctic,Nature Could Recover,Coastal,1984–1990,Closed,1
48,Wikipedia,Europe,France,Ile du Levant,43.04507,6.47887,Northeast Spain and Southern France Mediterranean forests,"Mediterranean Forests, Woodlands & Scrub",Palearctic,Nature Could Recover,Coastal,1948–1970s,Closed,1
49,Wikipedia,Europe,Germany,Rocket Launch Site Berlin,52.55747186,13.28520312,Central European mixed forests,Temperate Broadleaf & Mixed Forests,Palearctic,Nature Could Recover,Inner,1930–1933,Closed,1
50,Wikipedia,Europe,Germany,Peenemünde Army Research Center,54.249988,13.921046,Baltic mixed forests,Temperate Broadleaf & Mixed Forests,Palearctic,Nature Could Recover,Coastal,1942–1945,Closed,1
51,Wikipedia,Europe,West Germany,Cuxhaven,53.84884,8.59154,European Atlantic mixed forests,Temperate Broadleaf & Mixed Forests,Palearctic,Nature Could Recover,Coastal,1945–1964,Closed,1
52,Wikipedia,Europe,West Germany,Hespenbusch,52.939002,8.312515,European Atlantic mixed forests,Temperate Broadleaf & Mixed Forests,Palearctic,Nature Could Recover,Inner,1952–1957,Closed,1
53,Wikipedia,Europe,Germany,Zingst,54.44008,12.78431,Baltic mixed forests,Temperate Broadleaf & Mixed Forests,Palearctic,Nature Could Recover,Coastal,1970–1992,Closed,1
54,Wikipedia,Europe,Greece,Koroni,36.76851506,21.93145638,Aegean and Western Turkey sclerophyllous and mixed forests,"Mediterranean Forests, Woodlands & Scrub",Palearctic,Nature Imperiled,Coastal,1966–1989,Closed,1
55,Wikipedia,Europe,Iceland,Vik,63.41891,-19.00463,Iceland boreal birch forests and alpine tundra,Boreal Forests/Taiga,Palearctic,Nature Could Reach Half Protected,Coastal,1964–1965,Closed,1
56,Wikipedia,Europe,Italy,Salto di Quirra,39.52731,9.63303,Tyrrhenian-Adriatic sclerophyllous and mixed forests,"Mediterranean Forests, Woodlands & Scrub",Palearctic,Nature Could Recover,Coastal,1964-,Operating,1
57,Wikipedia,Europe,Norway,Andøya Space Center,69.2943,16.0207,Scandinavian coastal conifer forests,Temperate Conifer Forests,Palearctic,Nature Could Recover,Coastal,1962–,Operating,1
58,Wikipedia,Europe,Norway,Marka,58.2,7.3,Sarmatic mixed forests,Temperate Broadleaf & Mixed Forests,Palearctic,Nature Could Recover,Inner,1983–1984,Closed,1
59,Wikipedia,Europe,Norway,SvalRak,78.2234,15.647,Russian Arctic desert,Tundra,Palearctic,Nature Could Reach Half Protected,Coastal,1997–,Operating,1
60,Wikipedia,Europe,Poland,Tuchola ,53.6197,17.98492,Baltic mixed forests,Temperate Broadleaf & Mixed Forests,Palearctic,Nature Could Recover,Inner,1944–1945,Closed,1
61,Wikipedia,Europe,Poland,Leba in Pommern ,54.76904,17.59355,Baltic mixed forests,Temperate Broadleaf & Mixed Forests,Palearctic,Nature Could Recover,Coastal,1941–1945,Closed,1
62,Wikipedia,Europe,Poland,?eba-R?bka,54.754486,17.517919,Baltic mixed forests,Temperate Broadleaf & Mixed Forests,Palearctic,Nature Could Recover,Coastal,1963–1973,Closed,1
63,Wikipedia,Europe,Poland,V-2 missile launch site,50.1819,21.6162,Central European mixed forests,Temperate Broadleaf & Mixed Forests,Palearctic,Nature Could Recover,Inner,1943–1944,Closed,1
64,Wikipedia,Europe,Russia,Kapustin Yar,48.57807,46.2542,Pontic steppe,"Temperate Grasslands, Savannas & Shrublands",Palearctic,Nature Imperiled,Inner,1957–,Operating,1
65,Wikipedia,Europe,Russia,Nyonoksa,64.64928,39.18721,Scandinavian and Russian taiga,Boreal Forests/Taiga,Palearctic,Nature Imperiled,Coastal,1965–1997,Closed,1
66,Wikipedia,Europe,Russia,Plesetsk Cosmodrome,62.92556,40.57778,Scandinavian and Russian taiga,Boreal Forests/Taiga,Palearctic,Nature Could Recover,Inner,1966–,Operating,1
67,Wikipedia,Europe,Spain,El Arenosillo,37.10272941,-6.736304766,Southwest Iberian Mediterranean sclerophyllous and mixed forests,"Mediterranean Forests, Woodlands & Scrub",Palearctic,Nature Could Recover,Coastal,1966–,Operating,1
68,Wikipedia,Europe,Sweden,Nausta Launch Site,66.36451656,19.28096051,Scandinavian and Russian taiga,Boreal Forests/Taiga,Palearctic,Nature Could Recover,Inner,1961–1961,Closed,1
69,Wikipedia,Europe,Sweden,Kronogård,66.4147,19.2767,Scandinavian and Russian taiga,Boreal Forests/Taiga,Palearctic,Nature Could Recover,Inner,1961–1964,Closed,1
70,Wikipedia,Europe,Sweden,Esrange Space Center,67.89342,21.10429,Scandinavian and Russian taiga,Boreal Forests/Taiga,Palearctic,Nature Could Recover,Inner,1966–,Operating,1
71,Wikipedia,Europe,United Kingdom, Royal Artillery Guided Weapons Range,57.33,-7.33,North Atlantic moist mixed forests,Temperate Broadleaf & Mixed Forests,Palearctic,Nature Could Recover,Coastal,"1959, 2015, 2022",Operating,1
72,Wikipedia,Europe,Sweden,Spaceport Sweden,67.848889,20.302778,Scandinavian Montane Birch forest and grasslands,Tundra,Palearctic,Nature Could Reach Half Protected,Coastal, ,Pre-Operation,1
73,Wikipedia,Europe,United Kingdom,Spaceport Cornwall,50.412,-5.0757,Celtic broadleaf forests,Temperate Broadleaf & Mixed Forests,Palearctic,Nature Imperiled,Coastal, ,Pre-Operation,1
74,Wikipedia,Europe,United Kingdom,Sutherland spaceport,58.5107,-4.5121,"	North Atlantic moist mixed forests",Temperate Broadleaf & Mixed Forests,Palearctic,Nature Could Reach Half Protected,Coastal, ,Pre-Operation,1
75,Wikipedia,Europe,Portugal,Azores,38.66,-28.07,Azores temperate mixed forests,Temperate Broadleaf & Mixed Forests,Palearctic,Nature Imperiled,Coastal, ,Pre-Operation,1
76,Wikipedia,Europe,Denmark,Spaceport Nexø,55.049167,15.603056,Baltic mixed forests,Temperate Broadleaf & Mixed Forests,Palearctic,Nature Could Recover,Coastal,2010–,Operating,1
77,Wikipedia,Europe,Spain,El Hierro Launch Centre,27.641613,-17.99153,Canary Islands dry woodlands and forests,"Mediterranean Forests, Woodlands & Scrub",Palearctic,Half Protected,Coastal, ,Pre-Operation,1
78,Wikipedia,North America,Canada,Churchill Rocket Research Range,58.7343,-93.8203,Southern Hudson Bay taiga,Boreal Forests/Taiga,Nearctic,Nature Could Reach Half Protected,Coastal,1954–1998,Closed,1
79,Wikipedia,North America,Canada,"Resolute Bay, Nunavut",74.687,-94.8962,Canadian High Arctic tundra,Tundra,Nearctic,Nature Could Reach Half Protected,Coastal,1966–1971,Closed,1
80,Wikipedia,North America,Canada,"Hall Beach, Nunavut",68.77607,-81.24346,Canadian High Arctic tundra,Tundra,Nearctic,Nature Could Reach Half Protected,Coastal,1971–1971,Closed,1
81,Wikipedia,North America,Canada,"Southend, Saskatchewan",56.2,-103.14,Midwest Canadian Shield forests,Boreal Forests/Taiga,Nearctic,Nature Could Reach Half Protected,Inner,1980,Closed,1
82,Wikipedia,North America,Canada,Maritime Spaceport,45.30688,-60.98767,New England-Acadian forests,Temperate Broadleaf & Mixed Forests,Nearctic,Nature Imperiled,Coastal,2019–,Pre-Operation,1
83,Wikipedia,North America,Greenland,Thule Air Base,76.53349791,-68.71025787,Kalaallit Nunaat High Arctic tundra,Tundra,Nearctic,Half Protected,Coastal,1964–1980,Closed,1
84,Wikipedia,North America,United States,Clark University Physics Laboratory,42.25111,-71.823056,Northeast US Coastal forests,Temperate Broadleaf & Mixed Forests,Nearctic,Nature Imperiled,Inner,1914–1920s,Closed,1
85,Wikipedia,North America,United States,Goddard Test Site,42.21882,-71.81194,Northeast US Coastal forests,Temperate Broadleaf & Mixed Forests,Nearctic,Nature Imperiled,Inner,1925–1930,Closed,1
86,Wikipedia,North America,United States,Eden Valley Test Site,33.626,-104.5,Chihuahuan desert,Deserts & Xeric Shrublands,Nearctic,Nature Could Reach Half Protected,Inner,1930–1941,Closed,1
87,Wikipedia,North America,United States,Wallops Flight Facility,37.84621,-75.47938,Mid-Atlantic US coastal savannas,"Temperate Grasslands, Savannas & Shrublands",Nearctic,Nature Imperiled,Coastal,1945–,Operating,1
88,Wikipedia,North America,United States,White Sands Missile Range,32.5646,-106.35908,Chihuahuan desert,Deserts & Xeric Shrublands,Nearctic,Nature Could Reach Half Protected,Inner,1945–,Operating,1
89,Wikipedia,North America,United States,"Nevada Test and Training Range (Sandia Wahmonie Launch Facility, Area 26)",36.7715,-116.11374,Mojave desert,Deserts & Xeric Shrublands,Nearctic,Nature Could Reach Half Protected,Inner,1946–1960s,Closed,1
90,Wikipedia,North America,United States,Poker Flat Research Range,65.12599,-147.47894,Interior Yukon-Alaska alpine tundra,Tundra,Nearctic,Nature Could Reach Half Protected,Inner,1949–,Operating,1
91,Wikipedia,North America,United States,Cape Canaveral Space Force Station,28.46675,-80.55852,Southeast US conifer savannas,"Temperate Grasslands, Savannas & Shrublands",Nearctic,Nature Imperiled,Coastal,1949–,Operating,1
92,Wikipedia,North America,United States,Vandenberg Space Force Base,34.77204,-120.60124,California interior chaparral and woodlands,"Mediterranean Forests, Woodlands & Scrub",Nearctic,Nature Could Recover,Coastal,1958–,Operating,1
93,Wikipedia,North America,United States,Kennedy Space Center,28.6082,-80.604,Bahamian-Antillean mangroves,Mangroves,Nearctic,Nature Could Reach Half Protected,Coastal,1962–,Operating,1
94,Wikipedia,North America,United States,Pacific Missile Range Facility,22.02278,-159.785,Hawai'i tropical low shrublands,"Tropical & Subtropical Grasslands, Savannas & Shrublands",Oceania,Nature Imperiled,Coastal,1963–,Operating,1
95,Wikipedia,North America,United States,Keweenaw Rocket Range,47.4298,-87.71443,Western Great Lakes forests,Temperate Broadleaf & Mixed Forests,Nearctic,Nature Could Reach Half Protected,Inner,1964–1971,Closed,1
96,Wikipedia,North America,United States,Pacific Spaceport Complex,57.43533,-152.33931,Alaska Peninsula montane taiga,Boreal Forests/Taiga,Nearctic,Half Protected,Coastal,1991–,Operating,1
97,Wikipedia,North America,United States,Mid-Atlantic Regional Spaceport,37.833378,-75.483284,Mid-Atlantic US coastal savannas,"Temperate Grasslands, Savannas & Shrublands",Nearctic,Nature Imperiled,Coastal,1995–,Operating,1
98,Wikipedia,North America,United States,Mojave Air and Space Port,35.0591,-118.1488,Mojave desert,Deserts & Xeric Shrublands,Nearctic,Nature Could Reach Half Protected,Inner,2003–,Operating,1
99,Wikipedia,North America,United States,Spaceport America,32.88943,-106.99945,Chihuahuan desert,Deserts & Xeric Shrublands,Nearctic,Nature Could Reach Half Protected,Inner,2006–,Operating,1
100,Wikipedia,North America,United States,Corn Ranch,31.2524,-104.4532,Chihuahuan desert,Deserts & Xeric Shrublands,Nearctic,Nature Could Reach Half Protected,Inner,2006–,Operating,1
101,Wikipedia,North America,United States,Spaceport Camden,30.9275,-81.514722,Southeast US conifer savannas,"Temperate Grasslands, Savannas & Shrublands",Nearctic,Nature Imperiled,Coastal,2016–2019,Closed,1
102,Wikipedia,North America,United States,SpaceX Starbase Spaceport,25.996,-97.154,Western Gulf coastal grasslands,"Tropical & Subtropical Grasslands, Savannas & Shrublands",Nearctic,Nature Imperiled,Coastal,2018–,Operating,1
103,Wikipedia,North America,United States,Maine Spaceport Complex,44.4444,-67.6,New England-Acadian forests,Temperate Broadleaf & Mixed Forests,Nearctic,Nature Imperiled,Coastal,2020–,Operating,1
104,Wikipedia,South America,Argentina,Pampa de Achala,-31.5833,-64.8333,Dry Chaco,"Tropical & Subtropical Grasslands, Savannas & Shrublands",Nearctic,Nature Could Reach Half Protected,Inner,1961–1962,Closed,1
105,Wikipedia,South America,Argentina,CELPA,-30.12737,-66.34082,Dry Chaco,"Tropical & Subtropical Grasslands, Savannas & Shrublands",Nearctic,Nature Could Reach Half Protected,Inner,"1962–1991, 2010–",Operating,1
106,Wikipedia,South America,Argentina,Las Palmas,-27.09531,-58.75352,Paraná flooded savanna,Flooded Grasslands & Savannas,Nearctic,Half Protected,Inner,1966–1966,Closed,1
107,Wikipedia,South America,Argentina,Tartagal,-22.76158,-63.82381,Dry Chaco,"Tropical & Subtropical Grasslands, Savannas & Shrublands",Nearctic,Nature Could Reach Half Protected,Inner,1966–1966,Closed,1
108,Wikipedia,South America,Argentina, CELPA Atlantica (CELAT),-37.72427,-57.40512,Humid Pampas,"Temperate Grasslands, Savannas & Shrublands",Nearctic,Nature Imperiled,Coastal,1968–1972,Closed,1
109,Wikipedia,South America,Argentina,Villa Reynolds Air Base,-33.7246,-65.3773,Espinal,"Temperate Grasslands, Savannas & Shrublands",Nearctic,Nature Could Recover,Inner,1973–1973,Closed,1
110,Wikipedia,South America,Argentina, Poligono de Salinas Grandes,-30.6333,-65.3833,Dry Chaco,"Tropical & Subtropical Grasslands, Savannas & Shrublands",Nearctic,Nature Could Reach Half Protected,Inner,2009,Closed,1
111,Wikipedia,South America,Argentina,Punta Indio,-35.523889,-57.183889,Humid Pampas,"Temperate Grasslands, Savannas & Shrublands",Nearctic,Nature Imperiled,Coastal,2011–,Operating,1
112,Wikipedia,South America,Argentina,Port Belgrano Naval Base,-38.9628,-61.715,Humid Pampas,"Temperate Grasslands, Savannas & Shrublands",Nearctic,Nature Imperiled,Coastal,2014–,Operating,1
113,Wikipedia,South America,Brazil,Barreira do Inferno Launch Center ,-5.922619325,-35.16155403,Atlantic Coast restingas,Tropical & Subtropical Moist Broadleaf Forests,Neotropic,Nature Could Recover,Coastal,1965–,Operating,1
114,Wikipedia,South America,Brazil,Praia do Cassino,-32.08338,-52.16725,Uruguayan savanna,"Tropical & Subtropical Grasslands, Savannas & Shrublands",Neotropic,Nature Could Recover,Coastal,1966–1966,Closed,1
115,Wikipedia,South America,Brazil,Alcântara Launch Center,-2.316,-44.3676,Amazon-Orinoco-Southern Caribbean mangroves,Mangroves,Neotropic,Half Protected,Coastal,1990–,Operating,1
116,Wikipedia,South America,French Guiana,Guiana Space Centre,5.23739,-52.7695,Amazon-Orinoco-Southern Caribbean mangroves,Mangroves,Neotropic,Half Protected,Coastal,1968–,Operating,1
117,Wikipedia,South America,Peru,Chilca Launch Range,-12.50477,-76.79849,Sechura desert,Deserts & Xeric Shrublands,Neotropic,Nature Could Recover,Coastal,1974-1983,Closed,1
118,Wikipedia,South America,Peru,Punta Lobos Range,-12.5,-76.8,Sechura desert,Deserts & Xeric Shrublands,Neotropic,Nature Could Recover,Coastal,1983,Closed,1
119,Wikipedia,South America,Dutch Suriname,Coronie,5.87241,-56.28908,Amazon-Orinoco-Southern Caribbean mangroves,Mangroves,Neotropic,Half Protected,Coastal,1965–1965,Closed,1
120,Wikipedia,Oceania,Australia,Woomera Test Range,-30.95875,136.50366,Tirari-Sturt stony desert,Deserts & Xeric Shrublands,Australasia,Nature Could Reach Half Protected,Inner,1950s–,Operating,1
121,Wikipedia,Oceania,Australia, Carnarvon Quobba Site,-24.48564,113.40866,Carnarvon xeric shrublands,Deserts & Xeric Shrublands,Australasia,Nature Could Reach Half Protected,Coastal,1964–1965,Closed,1
122,Wikipedia,Oceania,Australia,Lancelin,-30.98309,115.31774,Southwest Australia woodlands,"Mediterranean Forests, Woodlands & Scrub",Australasia,Nature Could Recover,Coastal,1974–1974,Closed,1
123,Wikipedia,Oceania,Australia,Koonibba Test Range,-31.885558,133.448686,Eyre and York mallee,"Mediterranean Forests, Woodlands & Scrub",Australasia,Nature Could Recover,Coastal,2019–,Operating,1
124,Wikipedia,Oceania,Australia,Whalers Way Orbital Launch Complex,-34.934,135.6523,Eyre and York mallee,"Mediterranean Forests, Woodlands & Scrub",Australasia,Nature Could Recover,Coastal,2020–,Operating,1
125,Wikipedia,Oceania,Australia,Arnhem Space Centre,-12.378021,136.821402,Arnhem Land tropical savanna,"Tropical & Subtropical Grasslands, Savannas & Shrublands",Australasia,Nature Could Reach Half Protected,Coastal,2021–,Operating,1
126,Wikipedia,Oceania,Marshall Islands,Reagan Test Site,9.048167,167.743083,Eastern Micronesia tropical moist forests,Tropical & Subtropical Moist Broadleaf Forests,Oceania,Nature Imperiled,Coastal,1950s–,Operating,1
127,Wikipedia,Oceania,New Zealand,Birdling's Flat,-43.817,172.683,Canterbury-Otago tussock grasslands,"Temperate Grasslands, Savannas & Shrublands",Australasia,Nature Could Recover,Coastal,1980s–,Operating,1
128,Wikipedia,Oceania,New Zealand,Great Mercury Island,-36.35511,175.46006,Northland temperate kauri forests,Temperate Broadleaf & Mixed Forests,Australasia,Nature Could Recover,Coastal,2009,Closed,1
129,Wikipedia,Oceania,New Zealand," Onenui Station,",-39.26044,177.86431,New Zealand North Island temperate forests,Temperate Broadleaf & Mixed Forests,Australasia,Nature Could Recover,Coastal,2017–,Operating,1
130,Gunters_Space_Page,Antarctica,Antarctica,"Dumont d'Urville Station, Terre Adelie †",-66.662889,140.003083,Adelie Land tundra,Tundra,Antarctica,Half Protected,Coastal,1956,Operating,1
131,Gunters_Space_Page,Antarctica,Antarctica,"Base Aerea Teniente Benjamin Matienzo, Nunatak Larsen †",-64.975833,-60.070944,Northwest Antarctic Peninsula tundra,Tundra,Antarctica,Half Protected,Coastal,1961-1985,Closed,1
132,Gunters_Space_Page,Antarctica,Antarctica,"McMurdo Station, Ross Ice Shelf, New Zealand Antarctic Territory †",-64.774278,-64.053833,Northwest Antarctic Peninsula tundra,Tundra,Antarctica,Half Protected,Coastal,1955,Operating,1
133,Gunters_Space_Page,Antarctica,Antarctica,"Molodezhnaya Station, Enderby Land, Australian Antarctic Territory",-67.665778,45.841278,Enderby Land tundra,Tundra,Antarctica,Half Protected,Coastal,1962-1990,Closed,1
134,Gunters_Space_Page,Antarctica,Antarctica,"Rothera Research Station, British Antarctic Territory †",-67.568639,-68.124111,Northwest Antarctic Peninsula tundra,Tundra,Antarctica,Half Protected,Coastal,1975,Operating,1
135,Gunters_Space_Page,Antarctica,Antarctica,"Siple Station, Ellsworth Land †",-75.916667,-83.916667,Rock and Ice,Arctic Ice,Antarctica,Half Protected,Inner,1978-1981,Closed,1
136,Gunters_Space_Page,Antarctica,Antarctica,"Showa Station (Syowa Station), East Ongul Island, Queen Maud Land †",-69.004194,39.580194,Enderby Land tundra,Tundra,Antarctica,Half Protected,Coastal,1957,Operating,1
137,Gunters_Space_Page,Antarctica,Antarctica,"Vicecomodoro Marambio Station, Seymour Island, Graham Land †",-64.241111,-56.626667,Northeast Antarctic Peninsula tundra,Tundra,Antarctica,Half Protected,Coastal,1969,Operating,1
138,Gunters_Space_Page,North America,Antigua and Barbuda,"Antigua Air Force Station, Antigua †",17.149889,-61.791972,Caribbean shrublands,Deserts & Xeric Shrublands,Neotropic,Nature Could Recover,Coastal,until 2015,Closed,1
139,Gunters_Space_Page,South America,Argentina,"Puente del Inca, Mendoza †",-32.822139,-69.923694,Southern Andean steppe,Montane Grasslands & Shrublands,Neotropic,Nature Could Reach Half Protected,Inner,1964,Closed,1
140,Gunters_Space_Page,Oceania,Australia,"Anna Plains, Western Australia †",-19.253417,121.486722,Kimberly tropical savanna,"Tropical & Subtropical Grasslands, Savannas & Shrublands",Australasia,Nature Could Reach Half Protected,Coastal,1997,Closed,1
141,Gunters_Space_Page,Oceania,Australia,"Toowoomba Wellcamp Airport, Toowoomba, Queensland",-27.556056,151.797806,Brigalow tropical savanna,"Tropical & Subtropical Grasslands, Savannas & Shrublands",Australasia,Nature Could Reach Half Protected,Inner,2014,Operating,1
142,Gunters_Space_Page,North America,Bahamas,"Walker's Cay, Bahama Islands †",27.260306,-78.402167,Bahamian-Antillean mangroves,Mangroves,Neotropic,Nature Could Reach Half Protected,Inner,1963-1964,Closed,1
143,Gunters_Space_Page,North America,Barbados,"Barbados, Windward Islands †",13.077222,-59.475639,Caribbean shrublands,Deserts & Xeric Shrublands,Neotropic,Nature Could Recover,Coastal,1963,Operating,1
144,Gunters_Space_Page,North America,Bermuda,"NASA Bermuda, Kindley AFB, Coopers Island †",32.351944,-64.657722,Bermuda subtropical conifer forests,Tropical & Subtropical Coniferous Forests,Nearctic,Nature Imperiled,Coastal,1961-1999,Closed,1
145,Gunters_Space_Page,North America,Canada,"Cold Lake Air Weapons Range, Alberta †",54.763278,-110.592778,Mid-Canada Boreal Plains forests,Boreal Forests/Taiga,Nearctic,Nature Could Reach Half Protected,Inner,1954,Operating,1
146,Gunters_Space_Page,North America,Canada,"Cape Parry, PIN Main DEW, Inuvik Region, Northwest Territory †",70.162083,-124.654861,Canadian Middle Arctic Tundra,Tundra,Nearctic,Nature Could Reach Half Protected,Coastal,1969-1982,Closed,1
147,Gunters_Space_Page,North America,Canada,"East Quoddy, Nova Scotia †",44.908472,-62.334833,New England-Acadian forests,Temperate Broadleaf & Mixed Forests,Nearctic,Nature Imperiled,Coastal,1970-1972,Closed,1
148,Gunters_Space_Page,North America,Canada,"Gillam, Manitoba †",56.089472,-96.094611,Midwest Canadian Shield forests,Boreal Forests/Taiga,Nearctic,Nature Could Reach Half Protected,Inner,1972-193,Closed,1
149,Gunters_Space_Page,North America,Canada,"Primrose Lake, Alberta",54.751194,-110.048667,Mid-Canada Boreal Plains forests,Boreal Forests/Taiga,Nearctic,Nature Could Reach Half Protected,Inner,1968-1991,Closed,1
150,Gunters_Space_Page,North America,Canada,"Red Lake, Chukuni Range, Ontario †",50.903166,-93.459024,Midwest Canadian Shield forests,Boreal Forests/Taiga,Nearctic,Nature Could Reach Half Protected,Inner,1979,Closed,1
151,Gunters_Space_Page,Asia,China,"Alxa Left Banner Airport, Inner Mongolia †",38.749444,105.588611,Helanshan montane conifer forests,Temperate Conifer Forests,Palearctic,Nature Could Recover,Inner,2013,Operating,1
152,Gunters_Space_Page,Asia,China,"Haikou Space Center (China Academy of Sciences Hainan Danzhou Sounding Rocket Unit), Hainan",19.530278,109.12375,Helanshan montane conifer forests,Temperate Conifer Forests,Palearctic,Nature Could Recover,Inner,NA,Operating,1
153,Gunters_Space_Page,Asia,China,"Laogang, Shanghai Shi, Zhongguo †",31.020472,121.819528,Changjiang Plain evergreen forests,Temperate Broadleaf & Mixed Forests,Palearctic,Nature Imperiled,Coastal,1960,Closed,1
154,Gunters_Space_Page,Oceania,Cook Islands,"Rutaki, Rarotonga †",-21.260083,-159.800028,Cook Islands tropical moist forests,Tropical & Subtropical Moist Broadleaf Forests,Oceania,Nature Could Recover,Coastal,1965,Closed,1
155,Gunters_Space_Page,Europe,France,"Camp de Suippes, Marne",49.150139,4.579528,European Atlantic mixed forests,Temperate Broadleaf & Mixed Forests,Palearctic,Nature Could Recover,Inner,1950-1951,Closed,1
156,Gunters_Space_Page,Europe,France,"Le Cardonnet, Montpelier †",43.580833,3.640278,Northeast Spain and Southern France Mediterranean forests,"Mediterranean Forests, Woodlands & Scrub",Palearctic,Nature Could Recover,Coastal,1952,Closed,1
157,Gunters_Space_Page,Europe,France,"Centre Spatial Guyanais (CSG), Kourou",5.171570731,-52.69045982,Amazon-Orinoco-Southern Caribbean mangroves,Mangroves,Neotropic,Half Protected,Coastal,1968-2014,Closed,1
158,Gunters_Space_Page,Europe,France,"Vernon, Eure †",49.117639,1.501028,European Atlantic mixed forests,Temperate Broadleaf & Mixed Forests,Palearctic,Nature Could Recover,Inner,1951,Closed,1
159,Gunters_Space_Page,Europe,Germany,"Cuxhaven, Niedersachsen †",53.83,8.564722,European Atlantic mixed forests,Temperate Broadleaf & Mixed Forests,Palearctic,Nature Could Recover,Coastal,1945-1963,Closed,1
160,Gunters_Space_Page,Europe,Germany,"Greifswalder Oie, Mecklenburg-Vorpommern",54.249988,13.921046,Baltic mixed forests,Temperate Broadleaf & Mixed Forests,Palearctic,Nature Could Recover,Coastal,1937-1945,Closed,1
161,Gunters_Space_Page,Europe,Greece,"Nissaki-Karystos, Euboea †",38.013847,24.432476,Aegean and Western Turkey sclerophyllous and mixed forests,"Mediterranean Forests, Woodlands & Scrub",Palearctic,Nature Imperiled,Coastal,1966,Closed,1
162,Gunters_Space_Page,North America,Greenland,Søndre Strømfjord †,67.010556,-50.709167,Kalaallit Nunaat Arctic steppe,Tundra,Nearctic,Nature Could Reach Half Protected,Coastal,1941,Operating,1
163,Gunters_Space_Page,Oceania,Guam,"Andersen AFB, Guam †",13.59681248,144.9023723,Marianas tropical dry forests,Tropical & Subtropical Dry Broadleaf Forests,Oceania,Nature Could Reach Half Protected,Coastal,1944,Operating,1
164,Gunters_Space_Page,Europe,Iceland,Langanes †,66.252118,-15.274985,Iceland boreal birch forests and alpine tundra,Boreal Forests/Taiga,Palearctic,Nature Could Reach Half Protected,Coastal,NA,Operating,1
165,Gunters_Space_Page,Oceania,International,"Sea Launch Platform, Pacific Ocean near Kiritimati (Christmas Island)",1.798119,-157.401919,Central Polynesian tropical moist forests,Tropical & Subtropical Moist Broadleaf Forests,Oceania,Nature Imperiled,Coastal,1999-2914,Closed,1
166,Gunters_Space_Page,Asia,Iran,"Shahroud Missile Test Site, Tehran province",36.20088271,55.33315891,Central Persian desert basins,Deserts & Xeric Shrublands,Palearctic,Nature Could Reach Half Protected,Inner,1998-2013,Closed,1
167,Gunters_Space_Page,Europe,Italy,"San Marco Launch Complex, Formosa Bay",-2.938320103,40.21243104,East African mangroves,Mangroves,Afrotropic,Nature Could Recover,Coastal,1964-1988,Closed,1
168,Gunters_Space_Page,Asia,Japan,"Oita Airport, Kunisaki, Oita",33.48012079,131.7362607,Taiheiyo evergreen forests,Temperate Broadleaf & Mixed Forests,Palearctic,Nature Could Reach Half Protected,Coastal,NA,Operating,1
169,Gunters_Space_Page,Asia,Japan,"Taiki-cho, Hiroo-gun, Hokkaido",42.50598212,143.4566943,Hokkaido deciduous forests,Temperate Broadleaf & Mixed Forests,Palearctic,Nature Could Reach Half Protected,Coastal,1997,Operating,1
170,Gunters_Space_Page,Asia,Kazakhstan,Emba test range †,47.09976132,55.41957241,Kazakh semi-desert,Deserts & Xeric Shrublands,Palearctic,Nature Could Reach Half Protected,Inner,1967-1970,Closed,1
171,Gunters_Space_Page,Oceania,"Kerguelen Islands, France","Kerguelen Range, Port-Aux-Francais †",-49.35161661,70.21931633,Southern Indian Ocean Islands tundra,Tundra,Antarctica,Half Protected,Coastal,1963-1981,Closed,1
172,Gunters_Space_Page,Asia,Lebanon,"Dbayeh launch site, Dbayeh",33.93796738,35.5875859,Eastern Mediterranean conifer-broadleaf forests,"Mediterranean Forests, Woodlands & Scrub",Palearctic,Nature Imperiled,Coastal,1962-1966,Closed,1
173,Gunters_Space_Page,Oceania,Marshall Islands,"Pacific Proving Grounds, Bikini Island †",11.62037309,165.5535324,Eastern Micronesia tropical moist forests,Tropical & Subtropical Moist Broadleaf Forests,Oceania,Nature Imperiled,Coastal,1956,Closed,1
174,Gunters_Space_Page,Oceania,Marshall Islands,"Eniwetok Proving Grounds (EPG), Eniwetok Atoll †",11.33991915,162.3247598,Eastern Micronesia tropical moist forests,Tropical & Subtropical Moist Broadleaf Forests,Oceania,Nature Imperiled,Coastal,1957-1958,Closed,1
175,Gunters_Space_Page,Oceania,Marshall Islands,"Kwajalein Island, Reagan Test Site (formerly Kwajalein Missile Range), US Army Kwajalein Atoll (USAKA)",8.720820937,167.7314191,Eastern Micronesia tropical moist forests,Tropical & Subtropical Moist Broadleaf Forests,Oceania,Nature Imperiled,Coastal,1961-2014,Closed,1
176,Gunters_Space_Page,Oceania,Marshall Islands,"Meck Island, Reagan Test Site (formerly Kwajalein Missile Range), Kwajalein",9.006416766,167.7269199,Eastern Micronesia tropical moist forests,Tropical & Subtropical Moist Broadleaf Forests,Oceania,Nature Imperiled,Coastal,Same as previous,Operating,1
177,Gunters_Space_Page,Oceania,Marshall Islands,"Roi-Namur, Kwajalein",9.40125304,167.4659126,Eastern Micronesia tropical moist forests,Tropical & Subtropical Moist Broadleaf Forests,Oceania,Nature Imperiled,Coastal,Same as previous,Operating,1
178,Gunters_Space_Page,North America,Mexico,"Santiago Ixcuintla, Nayarit †",21.82977388,-105.3699362,Sinaloan dry forests,Tropical & Subtropical Dry Broadleaf Forests,Neotropic,Nature Could Recover,Coastal,1991,Closed,1
179,Gunters_Space_Page,Asia,Mongolia,"Sainshand meteorological rocket station, Sainshand, Dornogovi †",44.88996486,110.1401932,Eastern Gobi desert steppe,Deserts & Xeric Shrublands,Palearctic,Nature Could Reach Half Protected,Inner,1989,Operating,1
180,Gunters_Space_Page,Oceania,New Zealand,"Cape Karikari, North Island †",-34.82878899,173.4099719,Northland temperate kauri forests,Temperate Broadleaf & Mixed Forests,Australasia,Nature Could Recover,Coastal,1965,Closed,1
181,Gunters_Space_Page,North America,Panama,"Fort Sherman, Panama Canal Zone †",9.362979578,-79.95042717,Isthmian-Atlantic moist forests,Tropical & Subtropical Moist Broadleaf Forests,Neotropic,Nature Could Reach Half Protected,Coastal,1966-1979,Closed,1
182,Gunters_Space_Page,North America,Puerto Rico,"Ramey AFB, Aguadilla †",18.49147811,-67.14565599,Puerto Rican moist forests,Tropical & Subtropical Moist Broadleaf Forests,Neotropic,Nature Could Reach Half Protected,Coastal,1958,Operating,1
183,Gunters_Space_Page,North America,Puerto Rico,"Camp Tortuguero, Vega Baja, Arecibo",18.4828727,-66.43958358,Puerto Rican moist forests,Tropical & Subtropical Moist Broadleaf Forests,Neotropic,Nature Could Reach Half Protected,Coastal,1966-1998,Closed,1
184,Gunters_Space_Page,Europe,Spain,"Base Aerea de Gando, Gran Canaria †",27.93143975,-15.38617595,Canary Islands dry woodlands and forests,"Mediterranean Forests, Woodlands & Scrub",Palearctic,Half Protected,Coastal,1997,Operating,1
185,Gunters_Space_Page,South America,Suriname,Coronie †,5.872223396,-56.28934658,Amazon-Orinoco-Southern Caribbean mangroves,Mangroves,Neotropic,Half Protected,Coastal,1965,Closed,1
186,Gunters_Space_Page,Asia,Taiwan,"Jiu Peng Air Base, Pingtung, Formosa",22.67609916,120.4578462,Taiwan subtropical evergreen forests,Tropical & Subtropical Moist Broadleaf Forests,Indomalayan,Nature Could Reach Half Protected,Coastal,1991,Operating,1
187,Gunters_Space_Page,Europe,Turkey,Sinop,42.03144418,35.18994645,Euxine-Colchic broadleaf forests,Temperate Broadleaf & Mixed Forests,Palearctic,Nature Could Recover,Coastal,2018,Operating,1
188,Gunters_Space_Page,North America,Turks and Caicos Islands,"Grand Turk Auxiliary AFB, Grand Turk Island †",21.44482647,-71.14338212,Bahamian pineyards,Tropical & Subtropical Coniferous Forests,Neotropic,Nature Could Recover,Coastal,1961,Operating,1
189,Gunters_Space_Page,Europe,UK,"Aberporth Range, Aberporth, Cardigan, Wales",52.13798013,-4.556161172,Celtic broadleaf forests,Temperate Broadleaf & Mixed Forests,Palearctic,Nature Imperiled,Coastal,1959-1973,Closed,1
190,Gunters_Space_Page,Europe,UK,"Ascension Island, South Atlantic",-7.9762401,-14.41423769,Ascension scrub and grasslands,"Tropical & Subtropical Grasslands, Savannas & Shrublands",Afrotropic,Nature Imperiled,Coastal,1963,Operating,1
191,Gunters_Space_Page,Europe,UK,"SaxaVord Spaceport, Unst, Shetland Islands",60.81741479,-0.762731271,North Atlantic moist mixed forests,Temperate Broadleaf & Mixed Forests,Palearctic,Nature Could Recover,Coastal,2020,Operating,1
192,Gunters_Space_Page,North America,USA,"Barter Island, Alaska †",70.10873555,-143.6343885,Arctic coastal tundra,Tundra,Nearctic,Nature Could Reach Half Protected,Coastal,1970,Closed,1
193,Gunters_Space_Page,North America,USA,"Black Rock Desert, Nevada †",40.94535223,-118.9987153,Great Basin shrub steppe,Deserts & Xeric Shrublands,Nearctic,Nature Could Reach Half Protected,Inner,2000-2004,Closed,1
194,Gunters_Space_Page,North America,USA,"Cape San Blas (Eglin AFB), Cape San Blas, Florida",29.67728746,-85.34582108,Southeast US conifer savannas,"Temperate Grasslands, Savannas & Shrublands",Nearctic,Nature Imperiled,Coastal,1960,Operating,1
195,Gunters_Space_Page,North America,USA,"Naval Ordnance Test Station, China Lake, California",35.57802587,-117.0399685,Southeast US conifer savannas,"Temperate Grasslands, Savannas & Shrublands",Nearctic,Nature Imperiled,Coastal,1957-1958,Closed,1
196,Gunters_Space_Page,North America,USA,"Edwards AFB, California",34.91993691,-117.8864221,Mojave desert,Deserts & Xeric Shrublands,Nearctic,Nature Could Reach Half Protected,Inner,1931-2013,Closed,1
197,Gunters_Space_Page,North America,USA,"Eglin AFB, Santa Rosa Island, Florida",30.39342525,-86.74452158,Mojave desert,Deserts & Xeric Shrublands,Nearctic,Nature Could Reach Half Protected,Inner,1958-1980,Closed,1
198,Gunters_Space_Page,North America,USA,"Fort Bliss Hueco Range, Nuevo Mexico",32.07306016,-106.1527388,Southeast US conifer savannas,"Temperate Grasslands, Savannas & Shrublands",Nearctic,Nature Imperiled,Coastal,1945,Operating,1
199,Gunters_Space_Page,North America,USA,"Fort Bliss McGregor Range, Nuevo Mexico",32.40910495,-105.9939059,Chihuahuan desert,Deserts & Xeric Shrublands,Nearctic,Nature Could Reach Half Protected,Inner,1958,Operating,1
200,Gunters_Space_Page,North America,USA,"Fort Greely, Alaska",63.93403441,-145.7368068,Chihuahuan desert,Deserts & Xeric Shrublands,Nearctic,Nature Could Reach Half Protected,Inner,1966,Operating,1
201,Gunters_Space_Page,North America,USA,"Fort Wainwright, Alaska †",64.79982228,-147.6333771,Alaska-St. Elias Range tundra,Tundra,Nearctic,Nature Could Reach Half Protected,Inner,1969,Operating,1
202,Gunters_Space_Page,North America,USA,"Fort Wingate, New Mexico",35.44914764,-108.5988453,Arizona Mountains forests,Temperate Conifer Forests,Nearctic,Nature Imperiled,Inner,1960-2013,Operating,1
203,Gunters_Space_Page,North America,USA,"Fort Yukon, Alaska †",66.56213829,-145.1970641,Interior Alaska-Yukon lowland taiga,Boreal Forests/Taiga,Nearctic,Nature Could Reach Half Protected,Inner,1984,Closed,1
204,Gunters_Space_Page,North America,USA,"Green River, Utah",38.94126958,-110.0752893,Colorado Plateau shrublands,Deserts & Xeric Shrublands,Nearctic,Nature Could Reach Half Protected,Inner,1964-1975,Closed,1
205,Gunters_Space_Page,North America,USA,"Holloman Air Development Center, New Mexico",32.89540168,-106.0714087,Chihuahuan desert,Deserts & Xeric Shrublands,Nearctic,Nature Could Reach Half Protected,Inner,1948-1961,Closed,1
206,Gunters_Space_Page,North America,USA,"Johnston Island, Pacific",16.73386233,-169.5236779,Central Polynesian tropical moist forests,Tropical & Subtropical Moist Broadleaf Forests,Oceania,Nature Imperiled,Coastal,1958-1975,Closed,1
207,Gunters_Space_Page,North America,USA,"Kauai Test Facility (KTF) (Pacific Missile Range Facility), Barking Sands, Kauai",21.98176221,-159.7593393,Hawai'i tropical low shrublands,"Tropical & Subtropical Grasslands, Savannas & Shrublands",Oceania,Nature Imperiled,Coastal,1960-2014,Operating,1
208,Gunters_Space_Page,North America,USA,"Matagorda Island, Texas †",28.28078572,-96.53787364,Western Gulf coastal grasslands,"Tropical & Subtropical Grasslands, Savannas & Shrublands",Nearctic,Nature Imperiled,Coastal,1981-1982,Closed,1
209,Gunters_Space_Page,North America,USA,"Mercury, Area 23, Nevada Test Site, Nevada †",36.67418065,-115.9683005,Mojave desert,Deserts & Xeric Shrublands,Nearctic,Nature Could Reach Half Protected,Inner,1951,Operating,1
210,Gunters_Space_Page,North America,USA,"SpaceX McGregor Test Site, McGregor, Texas",31.38811997,-97.46896942,Cross-Timbers savanna-woodland,"Temperate Grasslands, Savannas & Shrublands",Nearctic,Nature Imperiled,Inner,2012-2014,Operating,1
211,Gunters_Space_Page,North America,USA,"Ninigret State Park (Charlestown NAAS), Charlestown, Rhode Island †",41.36808567,-71.66735871,Northeast US Coastal forests,Temperate Broadleaf & Mixed Forests,Nearctic,Nature Imperiled,Coastal,1999,Closed,1
212,Gunters_Space_Page,North America,USA,"Point Barrow, Alaska †",71.28534275,-156.7771164,Arctic coastal tundra,Tundra,Nearctic,Nature Could Reach Half Protected,Coastal,1965-1971,Operating,1
213,Gunters_Space_Page,North America,USA,"Joint Base Pearl Harbor-Hickam, Pearl Harbor, Hawaii †",21.31141694,-157.9249989,Hawai'i tropical low shrublands,"Tropical & Subtropical Grasslands, Savannas & Shrublands",Oceania,Nature Imperiled,Coastal,2010,Operating,1
214,Gunters_Space_Page,North America,USA,"Naval Missile and Astronautics Center, Point Mugu, California",34.09939912,-119.1217028,California coastal sage and chaparral,"Mediterranean Forests, Woodlands & Scrub",Nearctic,Nature Imperiled,Coastal,1955-2011,Operating,1
215,Gunters_Space_Page,North America,USA,"San Clemente Island, Pacific Missile Range, California",33.0219831,-118.5859049,California coastal sage and chaparral,"Mediterranean Forests, Woodlands & Scrub",Nearctic,Nature Imperiled,Coastal,1958-1984,Closed,1
216,Gunters_Space_Page,North America,USA,"San Nicolas Island, Pacific Missile Range, California",33.26036839,-119.5380071,California coastal sage and chaparral,"Mediterranean Forests, Woodlands & Scrub",Nearctic,Nature Imperiled,Coastal,1957-2011,Closed,1
217,Gunters_Space_Page,North America,USA,"Sheboygan, Wisconsin †",43.74818275,-87.70323135,Central US forest-grasslands transition,"Temperate Grasslands, Savannas & Shrublands",Nearctic,Nature Imperiled,Coastal,1995,Operating,1
218,Gunters_Space_Page,North America,USA,"Eareckson Air Station, Shemya Island, Alaska",52.71789427,174.1242804,Aleutian Islands tundra,Tundra,Nearctic,Half Protected,Coastal,1975-1989,Closed,1
219,Gunters_Space_Page,North America,USA,"Tonopah Test Range, Nevada",37.82469016,-116.7558681,Great Basin shrub steppe,Deserts & Xeric Shrublands,Nearctic,Nature Could Reach Half Protected,Coastal,1957-1988,Closed,1
220,Gunters_Space_Page,North America,USA,Wake Island,19.27551645,166.6498447,Eastern Micronesia tropical moist forests,Tropical & Subtropical Moist Broadleaf Forests,Oceania,Nature Imperiled,Coastal,1974-2013,Operating,1
221,Gunters_Space_Page,Europe,USSR / Russia,"Baikonur (Tyuratam, NIIP-5, GIK-5), Tyuratam",45.9640297,63.30565149,Central Asian northern desert,Deserts & Xeric Shrublands,Palearctic,Nature Could Reach Half Protected,Inner,1957-2014,Operating,1
222,Gunters_Space_Page,Europe,USSR / Russia,"Yasniy site, Dombarovskiy Air Base, Orenburgskaya Oblast'",51.09419225,59.84274653,Kazakh forest steppe,"Temperate Grasslands, Savannas & Shrublands",Palearctic,Nature Imperiled,Inner,1968-2014,Operating,1
223,Gunters_Space_Page,Europe,USSR / Russia,"Ostrov Kheysa (Ernst Krenkel Observatory), Ostrov Kheysa, Franz Josef Land",80.44678701,58.05320843,Russian Arctic desert,Tundra,Palearctic,Nature Could Reach Half Protected,Coastal,1957-2008,Operating,1
224,Gunters_Space_Page,Europe,USSR / Russia,"Tiksi Hydrometeorological Observatory, Sakha Republic",71.59090992,128.9102585,Taimyr-Central Siberian tundra,Tundra,Palearctic,Nature Could Reach Half Protected,Coastal,2010,Operating,1
225,Gunters_Space_Page,Europe,USSR / Russia,Vladimirovka Poligon,48.30378779,46.19966753,Pontic steppe,"Temperate Grasslands, Savannas & Shrublands",Palearctic,Nature Imperiled,Inner,1946-2014,Operating,1
226,Gunters_Space_Page,Europe,USSR / Russia,"Vostochniy, Amurskaya Oblast'",51.87142659,128.3542666,Manchurian mixed forests,Temperate Broadleaf & Mixed Forests,Palearctic,Nature Could Recover,Inner,2011,Operating,1
